<?xml version="1.0" encoding="UTF-8"?>
<filelist>
	<file value="f:\pdf\inputFile.pdf" />
	<file value="f:\pdf\inputFile2.pdf" password="test"/>
	<fileset usecurrentdir="true">
		<file value="inputFile1.pdf" />
		<file value="inputFile2.pdf" />
	</fileset>
	<fileset dir="f:\tempdir\subdir" usecurrentdir="false">
		<file value="inputFile1.pdf" />
		<file value="inputFile2.pdf" />
	</fileset>	
	<fileset dir="f:\tempdir\subdir2">
		<file value="inputFile1.pdf" />
		<file value="inputFile2.pdf" />
		<file value="inputFile3.pdf" />
	</fileset>	
</filelist>